name,slug,characteristics,difficulty,effect,ingredients,inventors,manufacturers,side_effects,time,wiki,image
Ageing Potion,ageing-potion,"Characteristics, Green, [1]","Difficulty level, Advanced, [1], [3]","Effect, Aged drinker temporarily, [1], [2]","Known ingredients, Newt spleens, [3], Bananas, [4], An orange, snake, [4], A green leaf, [4]",,,,,https://harrypotter.fandom.com/wiki/Ageing_Potion,https://static.wikia.nocookie.net/harrypotter/images/5/51/Ageing_Potion_PM.png
Alihotsy Draught,alihotsy-draught,"Characteristics, Blue fumes and colour, [1]",,"Effect, Uncontrollable laughter, [1], [2]","Known ingredients, Alihotsy, [1]",,,,,https://harrypotter.fandom.com/wiki/Alihotsy_Draught,https://static.wikia.nocookie.net/harrypotter/images/4/46/Alihotsy_Draught.png
Amortentia,amortentia,"Characteristics, Mother-of-pearl sheen, [1], Spiralling steam, [1], Scent was multi-faceted and varied based on what the person liked, [1]","Difficulty level, Advanced, [1]","Effect, Love potion, that caused a powerful infatuation or obsession in the drinker, [1]","Known ingredients, Pearl Dust, [2]",,,,,https://harrypotter.fandom.com/wiki/Amortentia,https://static.wikia.nocookie.net/harrypotter/images/4/4f/B6C9M1_cropped_Amortentia.png
Angel's Trumpet Draught,angel's-trumpet-draught,,,"Effect, Poisonous, [1]","Known ingredients, Angel's Trumpet, [1]",,,,,https://harrypotter.fandom.com/wiki/Angel's_Trumpet_Draught,https://static.wikia.nocookie.net/harrypotter/images/c/c8/Angels_Trumpet_Draught.JPG
Anti-Paralysis Potion,anti-paralysis-potion,"Characteristics, Pink in colour, [1], [2]",,"Effect, Cured paralysis, [1], [2]",,,,,,https://harrypotter.fandom.com/wiki/Anti-Paralysis_Potion,https://static.wikia.nocookie.net/harrypotter/images/a/aa/Anti-Paralysis_Potion.png
Antidote ,antidote,,,,,,,,,https://harrypotter.fandom.com/wiki/Antidote,
Antidote to Common Poisons,antidote-to-common-poisons,"Characteristics, Teal-coloured, [2]","Difficulty level, Beginner, [1], to Moderate, [2]","Effect, Counteracted the effects of common poisons, [1]","Known ingredients, 1, Bezoar, [1], 2 measures of, Standard Ingredient, [1], 1 pinch of powdered, unicorn horn, [1], 2, mistletoe berries, [1]",,,,,https://harrypotter.fandom.com/wiki/Antidote_to_Common_Poisons,https://static.wikia.nocookie.net/harrypotter/images/9/96/Antidote-to-common-poisons.png
Antidote to Uncommon Poisons,antidote-to-uncommon-poisons,"Characteristics, Green in colour, [1]","Difficulty level, Moderate, [1]","Effect, Cures the effects of minor, poisons, [1]","Known ingredients, Fire Seeds, [1], Powdered, graphorn horn, [1], Billywig stings, [1], Chizpurfle carapaces, [1]",,,,,https://harrypotter.fandom.com/wiki/Antidote_to_Uncommon_Poisons,https://static.wikia.nocookie.net/harrypotter/images/b/bd/Antidote_to_Uncommon_Poisons.png
Antidote to Veritaserum,antidote-to-veritaserum,,"Difficulty level, Advanced, [2]","Effect, Countered the effect of, Veritaserum, [1], [2]",,,,,,https://harrypotter.fandom.com/wiki/Antidote_to_Veritaserum,https://static.wikia.nocookie.net/harrypotter/images/3/3e/Antidote_to_Veritaserum_HM.png
Armadillo Bile Mixture,armadillo-bile-mixture,"Characteristics, Most likely corrosive, [1]",,,"Known ingredients, Bat wings, [1], Armadillo bile, [1], Wormwood, [1], Armotentia, [1], Acromantula venom, [1], Aconite, [1], Water, (likely)",,,,,https://harrypotter.fandom.com/wiki/Armadillo_Bile_Mixture,https://static.wikia.nocookie.net/harrypotter/images/0/0a/Armadillo_Bile_Mixture.jpg
Babbling Beverage,babbling-beverage,"Characteristics, Red, [3], or yellow, [4], in colour, Smelt like, bubblegum, [5]","Difficulty level, Moderate, [3], to, Ordinary Wizarding Level, [5]","Effect, Caused the drinker to speak nonsense, [1], [2], [3]","Known ingredients, Valerian, sprigs, [3], Aconite, [3], Dittany, [3]",,,,,https://harrypotter.fandom.com/wiki/Babbling_Beverage,https://static.wikia.nocookie.net/harrypotter/images/5/5d/HM_y3_Babbling_Beverage.png
Baneberry Potion,baneberry-potion,"Characteristics, Blood red, [1]",,"Effect, Poison, [1]","Known ingredients, Baneberry, [1]",,,,,https://harrypotter.fandom.com/wiki/Baneberry_Potion,https://static.wikia.nocookie.net/harrypotter/images/9/93/Baneberry_Potion.JPG
Baruffio's Brain Elixir,baruffio's-brain-elixir,"Characteristics, Green in colour, [2]",,"Effect, Allegedly increases one's, brain, power, [1], [2]","Known ingredients, Leaping Toadstools, [2], Frog brains, [2], [4], Runespoor eggs, [2], Powdered, dragon claw, [2], Oil, [4]","Inventor(s), Baruffio, [5]",,"Side-effects, Possibly harmful mental side effects if brewed incorrectly, [3]","Brewing time, Twelve hours, [2]",https://harrypotter.fandom.com/wiki/Baruffio's_Brain_Elixir,https://static.wikia.nocookie.net/harrypotter/images/8/8d/Baruffio%E2%80%99s_Brain_Elixir_HM.png
Beautification Potion,beautification-potion,"Characteristics, Changes colour, [1], Emits multi-colour bubbles, [1]","Difficulty level, Moderate, [2]","Effect, Enhances the attractiveness of the drinker's physical appearance, [1]","Known ingredients, Fairy wings, [1], [3], Morning dew, [1], Rose Petals, [1], Lady's Mantle, [1], [3], Unicorn hair, [1], Ginger, roots, [1], Boomslang skin, [2], [3]","Inventor(s), Zygmunt Budge, [1], Sacharissa Tugwood, [4]",,,,https://harrypotter.fandom.com/wiki/Beautification_Potion,https://static.wikia.nocookie.net/harrypotter/images/8/8b/Beautification_Potion_Bottle.png
Befuddlement Draught,befuddlement-draught,"Characteristics, Dark green, [2], or red, [3], or purple, [4], in colour","Difficulty level, Ordinary Wizarding Level, [1], [3]","Effect, Recklessness, [1]","Known ingredients, Scurvy grass, [1], Lovage, [1], [4], Sneezewort, [1], Frog brains, [4], Oil, [4]",,,,,https://harrypotter.fandom.com/wiki/Befuddlement_Draught,https://static.wikia.nocookie.net/harrypotter/images/d/d3/BefuddlementDraughtHM.png
Blood-Replenishing Potion,blood-replenishing-potion,"Characteristics, Dark red in colour, [2], [3]",,"Effect, Replenished lost, blood, [1]","Known ingredients, Standard potioning water, [4], Powdered unicorn horn, [4], Stewed Mandrake, [4]",,,,,https://harrypotter.fandom.com/wiki/Blood-Replenishing_Potion,https://static.wikia.nocookie.net/harrypotter/images/4/49/BloodReplenishingPotionHM.png
Bloodroot Poison,bloodroot-poison,,,"Effect, Poisonous, [1]","Known ingredients, Bloodroot, [1]",,,,,https://harrypotter.fandom.com/wiki/Bloodroot_Poison,https://static.wikia.nocookie.net/harrypotter/images/e/eb/Bloodroot_Poison.jpg
Bruise removal paste,bruise-removal-paste,"Characteristics, Thick, yellow paste, [1]",,"Effect, Healed, bruises in an hour, [1]",,"Inventor(s), Fred, and, George Weasley, [1]","Manufacturer, Fred, and, George Weasley, [1]",,,https://harrypotter.fandom.com/wiki/Bruise_removal_paste,
Bulgeye Potion,bulgeye-potion,"Characteristics, Emerald green in colour, [1]",,"Effect, Causes eyes to bulge (presumably), [1]",,,,,,https://harrypotter.fandom.com/wiki/Bulgeye_Potion,https://static.wikia.nocookie.net/harrypotter/images/2/25/Bulgeye.JPG
Bundimum Pomade,bundimun-pomade,,,"Effect, Hair care, [1]","Known ingredients, Bundimun Secretion, (most likely)",,"Manufacturer, E. M. L. Potions Co., [2]",,,https://harrypotter.fandom.com/wiki/Bundimun_Pomade,https://static.wikia.nocookie.net/harrypotter/images/8/86/BoxofBezoars.jpg
Bundimun Secretion,bundimun-secretion,"Physical characteristics, Lime green in colour, [2], Emits vapours, [3]",,,,,,,,https://harrypotter.fandom.com/wiki/Bundimun_Secretion,https://static.wikia.nocookie.net/harrypotter/images/a/a0/Ooze.JPG
Burn-healing paste,burn-healing-paste,"Characteristics, Orange in colour, [1], Thick consistency, [1]",,"Effect, Healed, burns, [1]",,,,,,https://harrypotter.fandom.com/wiki/Burn-Healing_Paste,
Burning Bitterroot Balm,burning-bitterroot-balm,"Characteristics, Blue-coloured, [1]",,"Effect, Soothing, [1]","Known ingredients, Bitter root, [1]",,,,,https://harrypotter.fandom.com/wiki/Burning_Bitterroot_Balm,https://static.wikia.nocookie.net/harrypotter/images/b/bc/Burning_Bitterroot_Balm.jpg
Calming Draught,calming-draught,"Characteristics, Blue or brown in colour, [2], [3]","Difficulty level, Moderate, [2], to Advanced, [3]","Effect, Calms the drinker, [1], [2], [3]","Known ingredients, Lavender, [3], Crocodile heart, [3], Peppermint, [3], [5]",,,"Side-effects, Unpleasant results if consumed by certain animals, [3], Burning mouth sensation, watery eyes or uncontrollable sobbing if too much, peppermint oil, added, [4], [5]",,https://harrypotter.fandom.com/wiki/Calming_Draught,https://static.wikia.nocookie.net/harrypotter/images/0/06/HM_y4_Calming_Draught.png
Caxambu Style Borborygmus Potion,caxambu-style-borborygmus-potion,,,"Effect, Provoked, stomach growling, [1]",,,"Manufacturer, Apothecary Department, [1]",,,https://harrypotter.fandom.com/wiki/Caxambu_Style_Borborygmus_Potion,https://static.wikia.nocookie.net/harrypotter/images/8/8a/Caxambu_Style_Borborygmus_Potion.jpg
Cheese-Based Potions,cheese-based-potions,"Characteristics, Yellow in colour, [1]","Difficulty level, Advanced, [1]",,"Known ingredients, Cheese, [1]",,,,,https://harrypotter.fandom.com/wiki/Cheese-Based_Potions,https://static.wikia.nocookie.net/harrypotter/images/3/39/Cheese_Based_Potion_HM_Icon.png
Chelidonium Miniscula,chelidonium-miniscula,"Characteristics, Dark yellow in colour, [1]",,,,,,,,https://harrypotter.fandom.com/wiki/Chelidonium_Miniscula,https://static.wikia.nocookie.net/harrypotter/images/e/e3/Chelidonium_Miniscula.jpg
Confidence boosting brew,confidence-boosting-brew,"Characteristics, Grey-green, [1]",,"Effect, Made the drinker more confident, [1]","Known ingredients, Those of the, Invigoration Draught, [1], Those of the, Wit-Sharpening Potion, [1], A few other ingredients, [1]","Inventor(s), Daniel Page, [1]","Manufacturer, Daniel Page, [1]",,,https://harrypotter.fandom.com/wiki/Confidence_boosting_brew,https://static.wikia.nocookie.net/harrypotter/images/f/fe/Confidence_boosting_brew_MA.png
Confusing Concotion,confusing-concoction,,"Difficulty level, Moderate, [1], to advanced, [2]","Effect, Confusion, [1], [2]","Known ingredients, Scurvy grass, [2], Lovage, [2], Sneezewort, [2]",,,,,https://harrypotter.fandom.com/wiki/Confusing_Concoction,https://static.wikia.nocookie.net/harrypotter/images/d/d6/Confusing_Concoction.jpeg
Contortion Potion,contortion-potion,,,"Effect, Induced contortion, [1]","Known ingredients, Spine of Lionfish, [1]","Inventor(s), William Weasley, (possibly), [1], Jacob's sibling, (possibly), [1]",,,,https://harrypotter.fandom.com/wiki/Contortion_Potion,
Cough Potion,cough-potion,,"Difficulty level, Advanced, [2]","Effect, Cured, coughing, [1], [2]",,,,,,https://harrypotter.fandom.com/wiki/Cough_potion,https://static.wikia.nocookie.net/harrypotter/images/6/6e/Cough_Potion_HM_Icon.png
Cupid Crystals,cupid-crystals,"Characteristics, Light pink colour",,"Effect, Causes the drinker to become infatuated with the giver of the potion, [1]","Known ingredients, Pearl Dust, [2]","Inventor(s), Fred and George Weasley, [1]",,,,https://harrypotter.fandom.com/wiki/Cupid_Crystals,https://static.wikia.nocookie.net/harrypotter/images/0/03/Cupid_Crystals.jpg
Cure for Boils,cure-for-boils,"Characteristics, Blue in colour, [1], [3], Emits pink smoke when completed, [1]","Difficulty level, Beginner, [1], [2], [3]","Effect, Removes boils, [1], [2], [3]","Known ingredients, 6, snake fangs, [1], [4], 4, horned slugs, [1], [4], 2, porcupine quills, [1], [4], Book of Potions, recipe:, Dried nettles, [4], Pungous Onions, [4], Flobberworm Mucus, [4], Ginger, root, [4], Shrake spines, [4]",,,"Side-effects, Caused nasty boils to erupt on skin if brewed badly, [2]",,https://harrypotter.fandom.com/wiki/Cure_for_Boils,https://static.wikia.nocookie.net/harrypotter/images/4/4b/Cure_for_Boils_2.png
Dawdle Draught,dawdle-draught,"Characteristics, Orange in colour, [1]",,"Effect, Helps deal with, Traces, [1]","Known ingredients, Valerian root, [1], Sopophorous bean, [1], Butterscotch, [1], Hermit crab shell, [1]",,,,"Brewing time, Six hours, [1]",https://harrypotter.fandom.com/wiki/Dawdle_Draught,https://static.wikia.nocookie.net/harrypotter/images/b/b6/Dawdle_Draught.png
Death-Cap Draught,death-cap-draught,"Characteristics, Red in colour, [1]",,"Effect, Poisonous, [1]","Known ingredients, Death-Cap, [1]",,,,,https://harrypotter.fandom.com/wiki/Death-Cap_Draught,https://static.wikia.nocookie.net/harrypotter/images/7/7f/Death-Cap_Draught.JPG
Death potion,death-potion,"Characteristics, Black in colour, [1]",,"Effect, Highly corrosive,, death, on contact, [1]",,,"Manufacturer, Magical Congress of the United States of America, (presumably), [1]",,,https://harrypotter.fandom.com/wiki/Death_potion,https://static.wikia.nocookie.net/harrypotter/images/3/3d/Death_Potion_FB1.png
Deflating Draught,deflating-draught,"Characteristics, Green in colour, [2]","Difficulty level, Ordinary Wizarding Level, [2]","Effect, Deflated the target, [1], [2]",,,,,,https://harrypotter.fandom.com/wiki/Deflating_Draught,https://static.wikia.nocookie.net/harrypotter/images/9/9b/Deflating_Draught_HM.png
Developing solution,developing-solution,,,"Effect, Develops moving photographs, [1], [2]",,,,,,https://harrypotter.fandom.com/wiki/Developing_solution,
Dizziness Draught,dizziness-draught,,,"Effect, Dizziness, [1]",,,,,,https://harrypotter.fandom.com/wiki/Dizziness_Draught,https://static.wikia.nocookie.net/harrypotter/images/3/37/Dizziness_Draught.jpg
Dogbane Potion,dogbane-potion,,,"Effect, Poisonous, to, dogs, (possibly), [1]","Known ingredients, Dogbane, (possibly), [1]",,,,,https://harrypotter.fandom.com/wiki/Dogbane_Potion,https://static.wikia.nocookie.net/harrypotter/images/e/e9/Dogbane_Potion.png
Dogbreath Potion,dogbreath-potion,"Characteristics, Purple-coloured, [1]",,"Effect, Gives drinker, fiery, breath, [1]",,,,,,https://harrypotter.fandom.com/wiki/Dogbreath_Potion,https://static.wikia.nocookie.net/harrypotter/images/6/68/Dogbreath_Potion.jpg
Doxycide,doxycide,"Characteristics, Black in colour, [1], Typically delivered as a spray, [1]","Difficulty level, Moderate, [2]","Effect, Temporarily stunned, Doxies, so that the pests could be removed from a home, [1]","Known ingredients, Bundimun Ooze, [3], Streeler shells, [3], Dragon liver, [3], Hemlock, essence, [3], Tormentil, tincture, [3], Cowbane, essence, [3]","Inventor(s), Zygmunt Budge, [3]",,,,https://harrypotter.fandom.com/wiki/Doxycide,https://static.wikia.nocookie.net/harrypotter/images/d/d1/Doxycide-potion-part-2.png
Dr Ubbly's Oblivious Unction,dr-ubbly's-oblivious-unction,,,"Effect, Healed wounds left by negative, thoughts, [1]",,"Inventor(s), Dr Ubbly, (presumably), [1]",,,,https://harrypotter.fandom.com/wiki/Dr_Ubbly's_Oblivious_Unction,
Dragon Poison,dragon-poison,"Characteristics, Dark green in colour, [1]",,"Effect, Poisonous, [1]",,,,,,https://harrypotter.fandom.com/wiki/Dragon_Poison,https://static.wikia.nocookie.net/harrypotter/images/9/92/Dragon_Poison.JPG
Dragon Tonic,dragon-tonic,,,"Effect, Cures sick, dragons, [1]","Known ingredients, 1, Eagle owl feather, [1], 3, Peacock feathers, [1], 3, Giant Purple Toad warts, [1]",,,,,https://harrypotter.fandom.com/wiki/Dragon_Tonic,
Dragon dung fertiliser,dragon-dung-fertiliser,"Characteristics, Light green in colour, [1]","Difficulty level, Moderate/Advanced, [1]","Effect, Promotes the growth of plants, [1]","Known ingredients, Sloth brain, [1], 7 pieces of, Dragon dung, [1], Stewed Mandrake, [1], 2, rat spleens, [1], Toasted, dragonfly thoraxes, [1], 3, Flying Seahorses, [1]",,,,,https://harrypotter.fandom.com/wiki/Dragon_dung_Fertiliser,https://static.wikia.nocookie.net/harrypotter/images/7/70/Dragon_dung_fertiliser.JPG
Draught of Living Death,draught-of-living-death,"Characteristics, Turned pale lilac colour then clear, [1]","Difficulty level, Advanced, [1], [2]","Effect, Caused the drinker to fall into a deep, death-like slumber, [1]","Known ingredients, Standard potioning water, [3], Powdered Root of Asphodel, [4], Infusion of Wormwood, [4], [2], Valerian root, [1], [2], A, Sopophorous Bean, [1], [2], A, Sloth brain, [5], [2], Moondew, [6], Flower head, [6]",,,,,https://harrypotter.fandom.com/wiki/Draught_of_Living_Death,https://static.wikia.nocookie.net/harrypotter/images/e/e8/Draught_of_living_death.gif
Draught of Peace,draught-of-peace,"Characteristics, Emitted light silver vapour, [1], Turquoise blue in colour, [1], [2]","Difficulty level, Advanced, [1]","Effect, Relieved anxiety, [1]","Known ingredients, Powdered, moonstone, [1], Syrup of Hellebore, [1], [3], [2], Stewed Mandrake, [3], Powdered, unicorn horn, [3], Powdered, porcupine quills, [3], Standard potioning water, [2]",,,"Side-effects, Overdoing the ingredients may have resulted in a long or irreversible sleep, [1]","Brewing time, 90 minutes, [1]",https://harrypotter.fandom.com/wiki/Draught_of_Peace,https://static.wikia.nocookie.net/harrypotter/images/c/cf/Draught_of_Peace_HM.png
Drowsiness Draught,drowsiness-draught,"Characteristics, Produces light purple steam, [1]",,"Effect, Induces drowsiness, [1]",,,,,,https://harrypotter.fandom.com/wiki/Drowsiness_Draught,https://static.wikia.nocookie.net/harrypotter/images/9/94/Drowsiness_Draught.png
Edurus Potion,edurus-potion,"Characteristics, Gold in colour, [1]",,"Effect, Gave the drinker rocky skin, [1]","Known ingredients, 1 batch of, Ashwinder eggs, [1], 1 piece of, mongrel fur, [1]",,,,,https://harrypotter.fandom.com/wiki/Edurus_Potion,https://static.wikia.nocookie.net/harrypotter/images/9/9b/Edurus_Potion.png
Elixir 7,elixir-7,"Characteristics, Deep brown in colour, [1]",,,"Known ingredients, Alcohol, [1]",,,"Side-effects, Unknown side effects from more than five drops, [1]",,https://harrypotter.fandom.com/wiki/Elixir_7,https://static.wikia.nocookie.net/harrypotter/images/5/5e/Elixir_7.png
Elixir of Life,elixir-of-life,,,"Effect, Immortality, [1]",,"Inventor(s), Nicolas Flamel, (by inventing the, Philosopher's Stone, ), [1]","Manufacturer, The, Philosopher's Stone, [1]","Side-effects, Drinker became dependent upon advanced age, [1], [2]",,https://harrypotter.fandom.com/wiki/Elixir_of_Life,https://static.wikia.nocookie.net/harrypotter/images/2/25/Elixir_of_Life.jpg
Elixir to Induce Euphoria,elixir-to-induce-euphoria,"Characteristics, Sunshine yellow in colour, [1], Emits rainbow when finished, [2]","Difficulty level, Advanced, [1]","Effect, Induces happiness, [1]","Known ingredients, Shrivelfig, [3], Porcupine quills, [3], Peppermint, sprigs, [1], Sopophorous beans, [3], Wormwood, [3]",,,"Side-effects, Excessive singing, [1], Nose-tweaking, [1]",,https://harrypotter.fandom.com/wiki/Elixir_to_Induce_Euphoria,https://static.wikia.nocookie.net/harrypotter/images/6/65/Elixir_to_Induce_Euphoria.png
Emerald Potion,emerald-potion,"Characteristics, Emerald green in colour, [1], Glows phosphorescently, [1]",,"Effect, Induced fear, delirium, intense stomach pain and extreme thirst in the drinker, [1], [2]",,"Inventor(s), Lord Voldemort, (quite possibly), [1]","Manufacturer, Lord Voldemort, (quite possibly), [1]",,,https://harrypotter.fandom.com/wiki/Emerald_Potion,https://static.wikia.nocookie.net/harrypotter/images/4/4c/Emerald_Potion.webp
Erumpent Potion,erumpent-potion,"Characteristics, Green, [2], or orange, [1], in colour","Difficulty level, Ordinary Wizarding Level, [1]","Effect, Explodes when touched, [1]","Known ingredients, Erumpent horn, (presumably), Erumpent tail, (presumably), Exploding Fluid, (presumably)",,,,,https://harrypotter.fandom.com/wiki/Erumpent_Potion,https://static.wikia.nocookie.net/harrypotter/images/3/3a/ErumpentPotionHM.png
Essence of Insanity,essence-of-insanity,"Characteristics, Green in colour, [2]","Difficulty level, Advanced, [2]","Effect, Mental instability, [1], [2]","Known ingredients, Frog brains, [3], Beetle eyes, [3]",,,,,https://harrypotter.fandom.com/wiki/Essence_of_Insanity,https://static.wikia.nocookie.net/harrypotter/images/a/a7/Essence_of_Insanity_HM_Icon.png
Everklena,everklena,,,"Effect, Supposedly cleaned, but actually spawned mould and grime, [1]",,"Inventor(s), Erica Stainwright, [1]","Manufacturer, Erica Stainwright, [1]",,,https://harrypotter.fandom.com/wiki/Everklena,https://static.wikia.nocookie.net/harrypotter/images/f/fd/Everklena.jpg
Everlasting Elixirs,everlasting-elixirs,"Characteristics, Blue in colour, [2]","Difficulty level, Advanced, [1], [2]","Effect, Permanent, magical, effects, [1], [2]",,,,,,https://harrypotter.fandom.com/wiki/Everlasting_Elixirs,https://static.wikia.nocookie.net/harrypotter/images/7/7f/Everlasting_Elixir_HM_Icon.png
Exploding Potion,exploding-potion,"Characteristics, Acid-green, [2], or blue, [1], in colour",,"Effect, Volatile mixture, [1], [2]","Known ingredients, An, ice pop, [2], A red spider, [2], Flowers, [2]",,,,,https://harrypotter.fandom.com/wiki/Exploding_Potion,https://static.wikia.nocookie.net/harrypotter/images/6/6c/Exploding_Fluid.jpg
Exstimulo Potion,exstimulo-potion,"Characteristics, Sky blue in colour, [1]","Difficulty level, Beginner, [1]","Effect, Increased the, spell, power of a single spell cast, [1]","Known ingredients, Re'em blood, [1], Granian hair, [1], Snowdrop, [1], Bitter root, [1]",,,,"Brewing time, Two hours, [1]",https://harrypotter.fandom.com/wiki/Exstimulo_Potion,https://static.wikia.nocookie.net/harrypotter/images/e/e5/Exstimulo_Potion.png
Fake protective potions,fake-protective-potions,"Characteristics, Fraudulent solutions, [1]",,"Effect, Supposedly protect the drinker from the effects of, dark magic, (likely useless), [1]","Known ingredients, Bubotuber Pus, [1], Gravy, [1]",,,"Side-effects, Likely harmful side effects, [1]",,https://harrypotter.fandom.com/wiki/Fake_protective_potions,
Fatiguing Fusion,fatiguing-fusion,"Characteristics, Green-coloured smoke, [1]",,"Effect, Causes fatigue, [1]",,,,,,https://harrypotter.fandom.com/wiki/Fatiguing_Fusion,https://static.wikia.nocookie.net/harrypotter/images/f/fc/Fatiguing_Fusion.jpg
Felix Felicis,felix-felicis,"Characteristics, Molten gold in colour, [3], [1], [2], Droplets leap like goldfish above potion's surface when in, cauldron, [3]","Difficulty level, Advanced, [1]","Effect, Makes the drinker lucky, [1], [2]","Known ingredients, Ashwinder egg, [2], Squill bulb, [2], Murtlap tentacles, [2], Tincture of, thyme, [2], Occamy eggshell, [2], Powdered common, rue, [2]","Inventor(s), Zygmunt Budge, [2]",,"Side-effects, Giddiness and recklessness with overuse, [2], Extremely, toxic, in large quantities, [1], [2], Highly disastrous if brewed incorrectly, [2]","Brewing time, Six months, [4]",https://harrypotter.fandom.com/wiki/Felix_Felicis,https://static.wikia.nocookie.net/harrypotter/images/8/84/Felix_Felicis_Phial_HBP.png
Fergus Fungal Budge,fergus-fungal-budge,,,"Effect, Treated ringworm, fungicide, [1]","Known ingredients, Onion juice, [1], Jewelweed, [1], Neem oil, [1]",,,"Side-effects, Potential negative side effects if used by, house-elves, [1]",,https://harrypotter.fandom.com/wiki/Fergus_Fungal_Budge,https://static.wikia.nocookie.net/harrypotter/images/d/d0/Fergus_Fungal_Budge.JPG
Fire-Breathing Potion,fire-breathing-potion,"Characteristics, Fiery orange in colour, [1]",,"Effect, Makes a, human, breath, fire, [1]","Known ingredients, Mint, [1], Valerian, Sprigs, [1], Fire Seeds, [1], Powdered dragon horn, [1], Lavender, [1]",,,"Side-effects, Can burn skin, [1]",,https://harrypotter.fandom.com/wiki/Fire-Breathing_Potion,https://static.wikia.nocookie.net/harrypotter/images/6/66/HM_y2_Fire-Breathing_Potion.png
Fire-Protection Potion,fire-protection-potion,"Characteristics, Blue in colour, [2]","Difficulty level, Beginner, [3], [2]","Effect, Protects drinker from, fire, [1]","Known ingredients, Bursting mushrooms, [3], Salamander blood, [3], Wartcap powder, [3]",,,"Side-effects, Sensation of ice flooding body, [1]",,https://harrypotter.fandom.com/wiki/Fire_Protection_Potion,https://static.wikia.nocookie.net/harrypotter/images/8/8e/HM_y2_Fire_Protection_Potion.png
First Love Beguiling Bubbles,first-love-beguiling-bubbles,"Characteristics, Red in colour, [1], [2]",,"Effect, Causes the drinker to become infatuated with the giver of the potion, [1], [2]","Known ingredients, Pearl Dust, [3]","Inventor(s), Fred and George Weasley, [1], [2]",,,,https://harrypotter.fandom.com/wiki/First_Love_Beguiling_Bubbles,https://static.wikia.nocookie.net/harrypotter/images/f/f9/Beguiling_Bubbles.jpg
Flesh-Eating Slug Repellent,flesh-eating-slug-repellent,"Characteristics, Water, -clear in colour, [2]",,"Effect, Repels, Flesh-Eating Slugs, [1]",,,,,,https://harrypotter.fandom.com/wiki/Flesh-Eating_Slug_Repellent,https://static.wikia.nocookie.net/harrypotter/images/b/ba/Flesh-eating-slug-repellent-lrg.png
Focus Potion,focus-potion,"Characteristics, Blue in colour, [1]",,"Effect, Reduced cooldown effect of, spells, cast, [1]","Known ingredients, Three, lacewing flies, [1], One, fluxweed, stem, [1], One, dugbog tongue, [1]",,,,"Brewing time, 1 minute, [1]",https://harrypotter.fandom.com/wiki/Focus_Potion,https://static.wikia.nocookie.net/harrypotter/images/e/e8/Focus_Potion_HL.png
Forgetfulness Potion,forgetfulness-potion,"Characteristics, Orange in colour, [1]","Difficulty level, Beginner, [1], [2]","Effect, Memory loss, [1]","Known ingredients, 2 drops of, Lethe River Water, [1], [3], 2, valerian, sprigs, [1], [3], 2 measures of, Standard Ingredient, [1], [3], 4, mistletoe berries, [1], [3]",,,,,https://harrypotter.fandom.com/wiki/Forgetfulness_Potion,https://static.wikia.nocookie.net/harrypotter/images/a/aa/Forgetfulness-potion.png
Frog Parts Mixture,frog-parts-mixture,,,,"Known ingredients, Frog, parts, [1]",,,,,https://harrypotter.fandom.com/wiki/Frog_Parts_Mixture,https://static.wikia.nocookie.net/harrypotter/images/d/dd/Frog_Parts_Mixture.jpg
Fungiface Potion,fungiface-potion,"Characteristics, Red in colour, [1]",,"Effect, Causes the drinker's face to break out in fungi, [1]","Known ingredients, Fungi (presumably), [1]",,,,,https://harrypotter.fandom.com/wiki/Fungiface_Potion,https://static.wikia.nocookie.net/harrypotter/images/c/ca/Fungiface_Potion.JPG
Garrotting Gas,garrotting-gas,"Characteristics, Colourless, [1]","Difficulty level, Advanced, [2]","Effect, Causes choking, possibly suffocation, [1]",,,,,,https://harrypotter.fandom.com/wiki/Garrotting_Gas,https://static.wikia.nocookie.net/harrypotter/images/3/32/Garrotting_Gas_HM.png
Germinating Potion,germinating-potion,"Characteristics, Green in colour, [1]",,"Effect, Germinated plants, [1]",,,,,,https://harrypotter.fandom.com/wiki/Germinating_Potion,https://static.wikia.nocookie.net/harrypotter/images/f/fe/Germinating_Potion_MA.png
Girding Potion,girding-potion,"Characteristics, Green, [2], or red, [1], in colour, Foul odour, [2]","Difficulty level, Moderate, [1], [2]","Effect, Prolonged endurance, [1]","Known ingredients, Dragonfly thoraxes, [1], Flying Seahorses, [1], Doxy eggs, [1], Fairy wings, [2]",,,,,https://harrypotter.fandom.com/wiki/Girding_Potion,https://static.wikia.nocookie.net/harrypotter/images/0/02/Girding_Potion_HBPG.png
Grand Pepperup Potion,grand-pepperup-potion,"Characteristics, Red in colour, [1]",,"Effect, Relieved and/or cured cold symptoms, [1]","Known ingredients, Octopus Powder, [1], Bicorn horn, [1], Mandrake Root, [1]","Inventor(s), Glover Hipworth, (possibly)",,"Side-effects, Caused steam to come out of the drinker's ears for a few hours, [1]",,https://harrypotter.fandom.com/wiki/Grand_Pepperup_Potion,https://static.wikia.nocookie.net/harrypotter/images/a/a0/Grand_Pepperup_Potion.jpg
Grand Wiggenweld Potion,grand-wiggenweld-potion,"Characteristics, Green in colour, [1]","Difficulty level, Beginner, [1]","Effect, Heals, injuries, restores stamina, [1]","Known ingredients, Octopus Powder, [1], Unicorn horn, [1], Wolfsbane, [1]",,,,,https://harrypotter.fandom.com/wiki/Grand_Wiggenweld_Potion,https://static.wikia.nocookie.net/harrypotter/images/2/26/Grand_Wiggenweld_Potion.jpg
Gregory's Unctuous Unction,gregory's-unctuous-unction,"Characteristics, Green smoke, [1]",,"Effect, Made the drinker think the one who gave them the potion was their best friend, [1]",,"Inventor(s), Gregory the Smarmy, [1]",,,,https://harrypotter.fandom.com/wiki/Gregory's_Unctuous_Unction,https://static.wikia.nocookie.net/harrypotter/images/0/0a/Gregory%27s_Unctuous_Unction.jpg
Hair-Dyeing Potion,hair-dyeing-potion,"Characteristics, It takes the colour(s) of the used shell(s)., [1], [2]","Difficulty level, Beginner, [1]","Effect, Changed the colour of the drinker's hair, [1]","Known ingredients, Standard potioning water, [1], Dried nettles, [1], Powdered fireball spikes, [2], Streeler shells, [1]",,,,,https://harrypotter.fandom.com/wiki/Hair-Dyeing_Potion,https://static.wikia.nocookie.net/harrypotter/images/b/b3/Hair-Dyeing_Potion_MA.png
Hair-Raising Potion,hair-raising-potion,"Characteristics, Green in colour, [2], [3], [4]","Difficulty level, Beginner, [1], [5], to, Ordinary Wizarding Level, [2]","Effect, Raises, hair, up on end, [1], [2], [3]","Known ingredients, Rat tails, [1], [4], Porcupine quills, [2], [4], Billywig stings, [2], Oil, [4]",,,,,https://harrypotter.fandom.com/wiki/Hair-Raising_Potion,https://static.wikia.nocookie.net/harrypotter/images/b/bb/Hair_Raising_Potion_HM_Icon.png
Hate Potion,hate-potion,,,"Effect, Revealed the worst traits of a person to the drinker, [1]",,,,,,https://harrypotter.fandom.com/wiki/Hate_Potion,
Healing Potion,healing-potion,"Characteristics, Blood red in colour, [1], [2]","Difficulty level, Beginner, [1]","Effect, Healing, , replenishes lost health and stamina to the drinker, [1]","Known ingredients, Wormwood, [1], [2], Bubotuber pus, [1], Dittany, [1], [2], Dragon liver, [1], Unicorn tail hair, [2], Standard potioning water, [2]",,,,"Brewing time, Two hours, [1]",https://harrypotter.fandom.com/wiki/Healing_Potion,https://static.wikia.nocookie.net/harrypotter/images/e/ec/Healing_Potion_WU.png
Heartbreak Teardrops,heartbreak-teardrops,"Characteristics, Red in colour, [1]",,"Effect, Causes the drinker to become infatuated with the giver of the potion, [1]","Known ingredients, Pearl Dust, [2]","Inventor(s), Fred and George Weasley, [1]",,,,https://harrypotter.fandom.com/wiki/Heartbreak_Teardrops,https://static.wikia.nocookie.net/harrypotter/images/f/ff/HeartbreakTeardrops.jpg
Herbicide Potion,herbicide-potion,"Characteristics, Green in colour, [1], [2], Disgusting taste, [3]","Difficulty level, Beginner, [3], [2], to advanced, [1], [4]","Effect, Killed or damaged plants, [1], [2]","Known ingredients, Flobberworm Mucus, [1], Horklump juice, [1], [2], Lionfish spines, [1], [2], Standard Ingredient, [1]",,,,,https://harrypotter.fandom.com/wiki/Herbicide_Potion,https://static.wikia.nocookie.net/harrypotter/images/d/d0/Herbicide.png
Hiccoughing Solution,hiccoughing-solution,"Characteristics, Yellow in colour, [2]",,"Effect, Presumably causes hiccoughs, [1]",,,,,,https://harrypotter.fandom.com/wiki/Hiccoughing_Solution,https://static.wikia.nocookie.net/harrypotter/images/9/92/HiccoughingSolution.png
Invigoration Draught,invigoration-draught,"Characteristics, Orange, [2], or blue, [3], in colour","Difficulty level, Ordinary Wizarding Level, [1]","Effect, Energised the drinker, [1]","Known ingredients, Alihotsy, leaves, [3], Dried, billywig stings, [3], Peppermint, [3], Stewed Mandrake, [3], Infusion of Wormwood, [3], Honeywater, [2], Vervain infusion, [2], Scurvy grass, [2], Lovage, [2], [4], Standard potioning water, [4]",,,,"Brewing time, Three hours, [2]",https://harrypotter.fandom.com/wiki/Invigoration_Draught,https://static.wikia.nocookie.net/harrypotter/images/9/98/Invigoration-draught.png
Invisibility Potion,invisibility-potion,"Characteristics, Silver, [1], or light pink, [2], in colour, Very bubbly, [1]","Difficulty level, Moderate, [1]","Effect, Temporary, invisibility, [1]","Known ingredients, Cherries, [1], Chicken, [1], Spiders, [1], 1, Leaping Toadstool cap, [3], 1, knotgrass sprig, [3], 1, troll bogey, [3], Acromantula venom, [2], Tincture of Demiguise, [2], Pearl Dust, [2], Standard potioning water, [2]",,,,,https://harrypotter.fandom.com/wiki/Invisibility_Potion,https://static.wikia.nocookie.net/harrypotter/images/a/a5/Invisibility_Potion_HL.png
Jawbind potion,jawbind-potion,"Characteristics, Blue in colour and misty, [1]",,"Effect, Caused lockjaw, [1]",,,,,,https://harrypotter.fandom.com/wiki/Jawbind_Potion,https://static.wikia.nocookie.net/harrypotter/images/3/3e/Jawbind_Potion.png
Kissing Concoction,kissing-concoction,"Characteristics, Clear in colour, [1], [2]",,"Effect, Causes the drinker to become infatuated with the giver of the potion, [1], [2]","Known ingredients, Pearl Dust, [3]","Inventor(s), Fred and George Weasley, [1], [2]",,,,https://harrypotter.fandom.com/wiki/Kissing_Concoction,https://static.wikia.nocookie.net/harrypotter/images/e/e0/KissingConcoction.jpg
Laugh-inducing Potion,laugh-inducing-potion,"Characteristics, Red-coloured when finished, [1]",,"Effect, Provoked uncontrollable laughter, [1]",,,,,,https://harrypotter.fandom.com/wiki/Laugh-inducing_Potion,https://static.wikia.nocookie.net/harrypotter/images/d/da/Laugh-inducing_Potion.jpg
Laxative Potion,laxative-potion,,,"Effect, Laxative, [1]","Known ingredients, Two scrumples of an unknown ingredient, [1], An ingredient used in a furnace, [1], Agrimonia, [1]",,,,,https://harrypotter.fandom.com/wiki/Laxative_Potion,
Love potion,love-potion,"Characteristics, Pink in colour, [4], [5]","Difficulty level, Advanced, [1]","Effect, Infatuation with whoever offered the potion, [1], [2]","Known ingredients, Ashwinder eggs, [6], Rose thorns, [7], Peppermint, [7], Powdered Moonstone, [7], Pearl Dust, [8], Rose Petals, [9]","Inventor(s), Laverne de Montmorency, [5], Fred Weasley, [10], George Weasley, [10]",,"Side-effects, Embarrassment on the part of the drinker, [3]",,https://harrypotter.fandom.com/wiki/Love_Potion,https://static.wikia.nocookie.net/harrypotter/images/3/39/Bottle-of-love-potion-lrg.png
Love Potion Antidote,love-potion-antidote,"Characteristics, Clear, colourless, [1]",,"Effect, Served as an, antidote, for, love potions, [1]","Known ingredients, Liquorice, roots, [2], Castor oil, [2], Extract of Gurdyroot, [2]",,,,,https://harrypotter.fandom.com/wiki/Love_Potion_Antidote,https://static.wikia.nocookie.net/harrypotter/images/9/9a/Love_Potion_Antidote.jpg
Madame Glossy's Silver Polish,madame-glossy's-silver-polish,,,"Effect, Polished silver objects",,,"Manufacturer, Madame Glossy's Finest Cleaning Products Ltd.",,,https://harrypotter.fandom.com/wiki/Madame_Glossy's_Silver_Polish,https://static.wikia.nocookie.net/harrypotter/images/d/df/Madame_Glossy%27s_Silver_Polish.jpg
Malevolent Mixture,malevolent-mixture,"Characteristics, Purple in colour, [1]",,"Effect, Poison, or other foul effects (most likely), [1]",,,,,,https://harrypotter.fandom.com/wiki/Malevolent_Mixture,https://static.wikia.nocookie.net/harrypotter/images/b/bd/Malevolent_Mixture.jpg
Mandrake Restorative Draught,mandrake-restorative-draught,"Characteristics, Green in colour, [3]","Difficulty level, Advanced, [3]","Effect, Returned, transfigured, or, cursed, individuals to their original state, [1], [2], [3]","Known ingredients, Stewed Mandrake, [2], [3]",,,,,https://harrypotter.fandom.com/wiki/Mandrake_Restorative_Draught,https://static.wikia.nocookie.net/harrypotter/images/8/88/Mandrake_Restorative_Draught_HM_icon.png
Manegro Potion,manegro-potion,,,"Effect, Rapid, hair, growth, [1]",,,,,,https://harrypotter.fandom.com/wiki/Manegro_Potion,https://static.wikia.nocookie.net/harrypotter/images/e/e0/Manegro_Potion.JPG
Maxima Potion,maxima-potion,"Characteristics, Red in colour, [1]",,"Effect, Temporarily increased the, spell, power of the drinker, [1]","Known ingredients, Leech juice, [1], 1, spider fang, [1]",,,,,https://harrypotter.fandom.com/wiki/Maxima_Potion,https://static.wikia.nocookie.net/harrypotter/images/9/90/Maxima_Potion.png
Maximum Turbo Farts Potion,maximum-turbo-farts-potion,,,"Effect, Excessive flatulence, [1]",,,,,,https://harrypotter.fandom.com/wiki/Maximum_Turbo_Farts_Potion,https://static.wikia.nocookie.net/harrypotter/images/3/30/MaximumTurboFartsPotion.jpg
Memory Potion,memory-potion,"Characteristics, Golden in colour, [1], [2], [3]","Difficulty level, Advanced, [2]","Effect, Enhanced the drinker's, memory, [1], [2]","Known ingredients, Jobberknoll feathers, [1], [4], Stewed Mandrake, [1], Powdered, Sage, [1], Galanthus Nivalis, [1], Alihotsy, [4], Peppermint, [4], Eel eyes, [4]",,,,"Brewing time, Two minutes and fifteen seconds, [3]",https://harrypotter.fandom.com/wiki/Memory_Potion,https://static.wikia.nocookie.net/harrypotter/images/0/07/Memory_Potion_HM_Icon.png
Moonseed Poison,moonseed-poison,"Characteristics, Silver in colour, [1]",,"Effect, Poisonous, [1]","Known ingredients, Moonseed, [1]",,,,,https://harrypotter.fandom.com/wiki/Moonseed_Poison,https://static.wikia.nocookie.net/harrypotter/images/6/6b/Moonseed_Poison.JPG
Mopsus Potion,mopsus-potion,,,"Effect, Gives, seer, -like powers (possibly), [1], Gives telekinetic powers (possibly), [1]",,,,,,https://harrypotter.fandom.com/wiki/Mopsus_Potion,https://static.wikia.nocookie.net/harrypotter/images/4/4a/MopsusPotion.png
Mouth Itching Antidote,mouth-itching-antidote,"Characteristics, Pale green in colour, [1]",,"Effect, Cured mouth itching, [1]",,,,,,https://harrypotter.fandom.com/wiki/Mouth_Itching_Antidote,https://static.wikia.nocookie.net/harrypotter/images/f/fa/Mouth_Itching_Antidote.jpg
Mrs Skower's All-Purpose Magical Mess Remover,mrs-scower's-all-purpose-magical-mess-remover,"Characteristics, Strong acrid odour, [2]",,"Effect, Cleans stains, [1]",,"Inventor(s), Mrs Skower, (presumably), (after, 1492, ), [3]",,,,https://harrypotter.fandom.com/wiki/Mrs_Scower's_All-Purpose_Magical_Mess_Remover,https://static.wikia.nocookie.net/harrypotter/images/5/53/Mrs_Scower%27s_All_Purpose_Magical_Mess_Remover.jpg
Muffling Draught,muffling-draught,"Characteristics, Produced blue-coloured fumes, [1]",,"Effect, Prevented inhaler from speaking, [1]",,,,,,https://harrypotter.fandom.com/wiki/Muffling_Draught,https://static.wikia.nocookie.net/harrypotter/images/e/ed/Muffling_Draught.JPG
Murtlap Essence,murtlap-essence,"Characteristics, Blue in colour, [2]",,"Effect, Soothes and, heals, cuts and abrasions, [1]","Known ingredients, Murtlap tentacles, [1]",,,,,https://harrypotter.fandom.com/wiki/Murtlap_Essence,https://static.wikia.nocookie.net/harrypotter/images/b/b6/Murtlap_Essence.jpg
Narglecide,narglecide,,,"Effect, Killed, Nargles, [1]",,,,,,https://harrypotter.fandom.com/wiki/Narglecide,
Noxious Poison,noxious-poison,"Characteristics, Green-coloured smoke, [1]",,"Effect, Poisonous, [1]",,,,,,https://harrypotter.fandom.com/wiki/Noxious_Poison,https://static.wikia.nocookie.net/harrypotter/images/9/99/Noxious_Poison_TCG.jpg
Oculus Potion,oculus-potion,"Characteristics, Orange in colour, [1]","Difficulty level, Moderate, [1]","Effect, Restored sight, [1], Counteracted, the, Conjunctivitis Curse, [1]","Known ingredients, Infusion of Wormwood, [1], [2], Stewed Mandrake, [1], [2], Ground, unicorn horn, [2], Unidentified blue powder, [1]",,,,,https://harrypotter.fandom.com/wiki/Oculus_Potion,https://static.wikia.nocookie.net/harrypotter/images/8/8a/Oculus_Potion_HBPG.png
Pepperup Elixir,pepperup-elixir,,,,"Known ingredients, 46%, Alcohol, [1]",,,"Side-effects, Possible negative side-effects from more than 7\21 drops per potion, [1]",,https://harrypotter.fandom.com/wiki/Pepperup_Elixir,https://static.wikia.nocookie.net/harrypotter/images/2/21/PepperupElixir.jpg
Pepperup Potion,pepperup-potion,"Characteristics, Red in colour, [3], [4]","Difficulty level, Moderate, [4]","Effect, Cured, common cold, [1], [2], Warmed up recipient, [2], [3]","Known ingredients, Bicorn horn, [5], Mandrake, root, [5], Jewelweed, [4]","Inventor(s), Glover Hipworth, [6]",,"Side-effects, Steam emitted from drinker's ears, [2], [3]",,https://harrypotter.fandom.com/wiki/Pepperup_Potion,https://static.wikia.nocookie.net/harrypotter/images/2/26/PepperupPotionHM.png
Polyjuice Potion,polyjuice-potion,"Characteristics, Before addition of final ingredient:, Thick and mud-like, [2], Bubbles slowly, [2], After addition of final ingredient:, Taste and colour varied depending on the person being turned into, [2]","Difficulty level, Advanced, [4]","Effect, Allowed a, human, drinker to temporarily assume the form of another person, [1], [2], [3]","Known ingredients, Lacewing flies, (stewed for 21 days), [4], [5], Leeches, [4], Powdered, bicorn, horn, [4], Knotgrass, [4], Fluxweed, (picked at full, moon, ), [4], Shredded, boomslang, skin, [4], [5], A bit of the person one wanted to turn into, [4], (typically, hair, [2], or, toenails, ), [3], Standard potioning water, [5]",,,"Side-effects, Attempts to transform into animals or part-humans would not reverse automatically, [2]","Brewing time, One month, [4]",https://harrypotter.fandom.com/wiki/Polyjuice_Potion,https://static.wikia.nocookie.net/harrypotter/images/1/1b/B2C12M2_Polyjuice_Potion_ready.jpg
Pomfrey's Pick-Me-Up,pomfrey's-pick-me-up,"Characteristics, Emerald-green colour, [1]",,"Effect, A restorative, tonic or bracer, [1]",,"Inventor(s), Poppy Pomfrey, (most likely), [1]",,,,https://harrypotter.fandom.com/wiki/Pomfrey's_Pick-Me-Up,https://static.wikia.nocookie.net/harrypotter/images/6/65/Pomfrey%27s_Pick-Me-Up.jpg
Pompion Potion,pompion-potion,"Characteristics, Orange-coloured, [1]","Difficulty level, Beginner, [1]","Effect, Turns, the drinker's head into a, pumpkin, [1]","Known ingredients, Flitterby, Moth, [1], Bouncing Bulb, [1], Foxglove, [1]",,,,,https://harrypotter.fandom.com/wiki/Pompion_Potion,https://static.wikia.nocookie.net/harrypotter/images/0/0f/Pumpkin-head_potion.jpg
Potion № 07,potion-n.-07,"Characteristics, Experimental mixture (possibly)",,"Effect, Poisonous","Known ingredients, Powdered, Lionfish, Essence of, Venomous Tentacula",,,,,https://harrypotter.fandom.com/wiki/Potion_N._07,https://static.wikia.nocookie.net/harrypotter/images/0/07/Potion_N._07.png
Potion N. 220 ,potion-n.-220,,,,,,,,,https://harrypotter.fandom.com/wiki/Potion_N._220,
Potion № 113,potion-no.-113,"Characteristics, Experimental mixture (possibly), [1], Brown in colour, [1]",,"Effect, Extremely, Poisonous, [1]","Known ingredients, Jobberknoll, feathers, [1], Syrup of Arnica, [1]",,,,,https://harrypotter.fandom.com/wiki/Potion_No._113,https://static.wikia.nocookie.net/harrypotter/images/7/78/Potion_No._113.jpg
Potion No. 329,potion-no.-329,,,,,,"Manufacturer, Hogwarts Apothecary Department",,,https://harrypotter.fandom.com/wiki/Potion_No._329,https://static.wikia.nocookie.net/harrypotter/images/f/fc/Potion_No._329.jpg
Potion № 86,potion-no.-86,"Characteristics, Black in colour",,"Effect, Poisonous","Known ingredients, Powdered moonstone, Syrup of Hellebore",,,,,https://harrypotter.fandom.com/wiki/Potion_No._86,https://static.wikia.nocookie.net/harrypotter/images/9/9f/Potion_N.86.jpg
Potion for Dreamless Sleep,potion-for-dreamless-sleep,"Characteristics, Purple in colour, [1]","Difficulty level, Advanced, [3]","Effect, Drowsiness,, [1], dreamless sleep, [2]","Known ingredients, Wormwood, [4], Lavender, [4]",,,,,https://harrypotter.fandom.com/wiki/Potion_for_Dreamless_Sleep,https://static.wikia.nocookie.net/harrypotter/images/f/f6/Potion_for_Dreamless_Sleep_PM.png
Potion of All Potential,potion-of-all-potential,,"Difficulty level, Advanced, [1]","Effect, Realises all that is best in us, [1]","Known ingredients, Pritcher's Porritch, [1], Witch's Ganglion, [1], Niffler's Fancy, [1], Thaumatagoria, [1]","Inventor(s), Hogwarts potions champion, (under influence of, Felix Felicis, ), [1]",,,,https://harrypotter.fandom.com/wiki/Potion_of_All_Potential,https://static.wikia.nocookie.net/harrypotter/images/a/a5/PotionOfAllPotential.png
Potion of Invisibility,potion-of-invisibility,"Characteristics, Pink in colour, [1]",,"Effect, Temporary, invisibility, [1]","Known ingredients, Pearl Dust, [1], Acromantula venom, [1], Tincture of Demiguise, [1]",,,,,https://harrypotter.fandom.com/wiki/Potion_of_Invisibility,https://static.wikia.nocookie.net/harrypotter/images/f/fc/Potion_of_Invisibility_MA.png
Quodpot solution,quodpot-solution,,,"Effect, Prevents, Quods, from exploding, [1]",,,,,,https://harrypotter.fandom.com/wiki/Quodpot_solution,
Rano Potion ,rano-potion,,,,,,,,,https://harrypotter.fandom.com/wiki/Rano_Potion,
Rat Spleen Mixture,rat-spleen-mixture,,,,"Known ingredients, Rat spleen, (15 fl.oz), [1], Kneazle hair, (09 fl.oz), [1], Avocado skin, (14 fl.oz), [1], Shrake spikes, (28 fl.oz), [1], Knotgrass, (34 fl.oz), [1], Gurdyroot, (39 fl.oz), [1]",,,,,https://harrypotter.fandom.com/wiki/Rat_Spleen_Mixture,https://static.wikia.nocookie.net/harrypotter/images/e/eb/Rat_Spleen_Mixture.jpg
Rat Tonic,rat-tonic,"Characteristics, Green, [2], or red, [3], in colour","Difficulty level, Advanced, [3]","Effect, Healed, rats, [1]",,,,"Side-effects, Abnormal growth of the rat if too much was drunk by rat, [2]",,https://harrypotter.fandom.com/wiki/Rat_tonic,https://static.wikia.nocookie.net/harrypotter/images/0/0f/Rat-tonic-lrg.png
Regeneration potion,regeneration-potion,"Characteristics, Fiery sparks when begun, [1], Poisonous blue when the bone is added, [1], Burning red when the flesh is added, [1], Blinding white becoming steam when blood is added, [1]","Difficulty level, Advanced, [1]","Effect, Restoring a disfigured wizard to their true and whole physical form","Known ingredients, Bone, of the father, [1], Flesh, of a servant, [1], Blood, of an enemy, [1]",,,,,https://harrypotter.fandom.com/wiki/Regeneration_potion,https://static.wikia.nocookie.net/harrypotter/images/8/85/Rebirth_of_Voldemort_GIF.gif
Regerminating Potion,regerminating-potion,"Characteristics, Green, [1], or golden, [2], in colour","Difficulty level, Advanced, [2]","Effect, Germinated plants, [1], [2]",,"Inventor(s), Tilden Toots, [1], [2]",,,,https://harrypotter.fandom.com/wiki/Regerminating_Potion,https://static.wikia.nocookie.net/harrypotter/images/f/f1/Regerminating_Potion_HM_Icon.png
Replenishing Potion,replenishing-potion,,,"Effect, Replenishes something",,,"Manufacturer, Hogwarts Apothecary Dept.",,,https://harrypotter.fandom.com/wiki/Replenishing_Potion,https://static.wikia.nocookie.net/harrypotter/images/5/56/ReplenishingPotion.jpg
Restoration Potion,restoration-potion,"Characteristics, Purple-coloured, [1]",,"Effect, Reverted, spell, effects on objects or, creatures, [1]",,,,,,https://harrypotter.fandom.com/wiki/Restoration_Potion,https://static.wikia.nocookie.net/harrypotter/images/f/f1/Restoration_Potion.jpg
Revive Potion,revive-potion,"Characteristics, Red, [, citation needed, ]",,"Effect, Awakened victim, [1]",,,,,,https://harrypotter.fandom.com/wiki/Revive_Potion,https://static.wikia.nocookie.net/harrypotter/images/8/85/RevivePotion.png
Rudimentary body potion,rudimentary-body-potion,,,"Effect, Helped restore, non-corporeal, wizards to rudimentary bodies/sustained rudimentary bodies, [1]","Known ingredients, Nagini's venom, [1], Unicorn blood, [1]",,,,,https://harrypotter.fandom.com/wiki/Rudimentary_body_potion,https://static.wikia.nocookie.net/harrypotter/images/b/b9/Voldemort%27s_rudimentary_body_%28concept_artwork_for_HP4_movie%29.jpg
Scintillation Solution,scintillation-solution,"Characteristics, Turquoise in colour, [2], Sparkling upon completion, [1]","Difficulty level, Advanced, [1]","Effect, Could make objects shine, [1]","Known ingredients, Powdered unicorn horn, [3], Runespoor eggs, [3], Oil, [3]",,,,"Brewing time, Two hours and fifty minutes, [2]",https://harrypotter.fandom.com/wiki/Scintillation_Solution,https://static.wikia.nocookie.net/harrypotter/images/d/dd/Scintillation_Solution_HM_Icon.png
Screaming Potion,screaming-potion,,,"Effect, Induced screaming, [1]","Known ingredients, Spine of Lionfish, [1]","Inventor(s), William Weasley, (possibly), [1], Jacob's sibling, (possibly), [1]",,,,https://harrypotter.fandom.com/wiki/Screaming_Potion,
Screaming Snakes Hair Potion,screaming-snakes-hair-potion,,,"Effect, Hair turned into screaming, snakes, (presumed)",,,,,,https://harrypotter.fandom.com/wiki/Screaming_Snakes_Hair_Potion,https://static.wikia.nocookie.net/harrypotter/images/5/56/ReplenishingPotion.jpg
Shrinking Solution,shrinking-solution,"Characteristics, Acid green in colour, [1]","Difficulty level, Moderate, [1], [3]","Effect, Causes living beings to shrink to a smaller form, [1], [2]","Known ingredients, Minced, daisy, roots, [1], Peeled, Shrivelfig, [1], Sliced, caterpillars, [1], One, rat spleen, [2], A dash of, leech juice, [2], A splash of, cowbane, [2], Wormwood, [2]","Inventor(s), Zygmunt Budge, [2]",,"Side-effects, Poisonous, if brewed incorrectly, [1]",,https://harrypotter.fandom.com/wiki/Shrinking_Solution,https://static.wikia.nocookie.net/harrypotter/images/9/95/Shrinking-solution-part-2.png
Skele-Gro,skele-gro,"Characteristics, Smoked when poured, [1], Vile taste, [1], Burned on the way down, [1], Yellow in colour, [2]","Difficulty level, Moderate, [3], [4]","Effect, Restored, bones, [1]","Known ingredients, 1, Chinese Chomping Cabbage, [3], 3, puffer-fish, [3], 5, scarab beetles, [3], 1, Fanged Geranium, [2], 1 arm, bone, [2], 1 red, spider, [2]","Inventor(s), Linfred of Stinchcombe, (original version), [5]","Manufacturer, Rubens Winikus and Company Inc., [6]",,,https://harrypotter.fandom.com/wiki/Skele-Gro,https://static.wikia.nocookie.net/harrypotter/images/6/6e/Skele-gro.png
Sleekeazy's Hair Potion,sleekeazy's-hair-potion,,,"Effect, Makes hair more manageable","Known ingredients, Gomas Barbadensis, [1], Asian Dragon Hair, [1], Petroleum Jelly, [1]","Inventor(s), Fleamont Potter, [2]",,"Side-effects, Unique results for redheads, [1]",,https://harrypotter.fandom.com/wiki/Sleekeazy's_Hair_Potion,https://static.wikia.nocookie.net/harrypotter/images/c/c6/SleekeasysHairPotion2.jpg
Sleeping Draught,sleeping-draught,"Characteristics, Dark purple, [1], [3], [4]","Difficulty level, Beginner, [3], to Advanced, [5]","Effect, Make the drinker quickly fall into a deep but temporary sleep, [1], [2]","Known ingredients, 4 sprigs of, Lavender, [1], 6 measures of, Standard Ingredient, [1], 2 blobs of, Flobberworm Mucus, [1], 4, Valerian, sprigs, [1], Book of Potions, recipe:, Wormwood, [6], Powdered Asphodel petals, [6], Flobberworm Mucus, [6], Sopophorous bean, [6], Valerian sprigs, [6], Nettle essence, [6]",,,,,https://harrypotter.fandom.com/wiki/Sleeping_Draught,https://static.wikia.nocookie.net/harrypotter/images/2/23/Sleeping_Draught_HM_icon.png
Snuffling Potion,snuffling-potion,"Characteristics, Clear smoke upon completion, [1]",,"Effect, Enhances the drinker sense of smell, [1]",,,,,,https://harrypotter.fandom.com/wiki/Snuffling_Potion,https://static.wikia.nocookie.net/harrypotter/images/a/a0/Snuffling_Potion.jpg
Solution 078,solution-078,"Characteristics, Muddy-brown colour, [1]",,,,,,,,https://harrypotter.fandom.com/wiki/Solution_078,https://static.wikia.nocookie.net/harrypotter/images/5/5e/Solution_078.jpg
Solution 125,solution-125,"Characteristics, Muddy-brown colour, [1]",,,,,,,,https://harrypotter.fandom.com/wiki/Solution_125,https://static.wikia.nocookie.net/harrypotter/images/e/e6/Solution_125.jpg
Stamina Potion,stamina-potion,,,"Effect, Boosted stamina, [1]","Known ingredients, Spine of Lionfish, [1]","Inventor(s), William Weasley, (possibly), [1], Jacob's sibling, (possibly), [1]",,,,https://harrypotter.fandom.com/wiki/Stamina_Potion,
Star Grass Salve,star-grass-salve,"Characteristics, Greenish substance, [1]",,"Effect, Healing, ; soothing injuries, [1]","Known ingredients, Star Grass, [1]",,,,,https://harrypotter.fandom.com/wiki/Star_Grass_Salve,https://static.wikia.nocookie.net/harrypotter/images/7/78/Star_Grass_Salve.JPG
Strength Potion,strength-potion,"Characteristics, Orange in colour, [1], [2]","Difficulty level, Beginner, [1]","Effect, Superhuman strength, [1], [2]","Known ingredients, Fanged Geranium, [1], [2], Arm, bone, [1], [2], Snake fang, [1], [2]",,,,,https://harrypotter.fandom.com/wiki/Strength_Potion,https://static.wikia.nocookie.net/harrypotter/images/2/2a/Strength_Potion_LEGOY2.gif
Strengthening Solution,strengthening-solution,"Characteristics, Turquoise in colour, [2], [3]","Difficulty level, Beginner, [3], to advanced, [1]","Effect, Superhuman strength, [1]","Known ingredients, Salamander blood, [1], Powdered, Griffin claw, [1]",,,,"Brewing time, Two days, [4]",https://harrypotter.fandom.com/wiki/Strengthening_Solution,https://static.wikia.nocookie.net/harrypotter/images/0/04/HM_y2_Strengthening_Solution.png
Strong Exstimulo Potion,strong-exstimulo-potion,"Characteristics, Electric blue in colour, [1]","Difficulty level, Beginner, [1]","Effect, Strongly boosted the, spell, -casting power of the drinker for four spell casts, [1]","Known ingredients, Bitter root, [1], Snowdrop, [1], Abraxan hair, [1], Re'em blood, [1]",,,,"Brewing time, Four hours, [1]",https://harrypotter.fandom.com/wiki/Strong_Exstimulo_Potion,https://static.wikia.nocookie.net/harrypotter/images/a/a7/Strong_Exstimulo_Potion_WU.png
Strong Invigoration Draught,strong-invigoration-draught,"Characteristics, Fiery orange in colour, [1]","Difficulty level, Advanced, [1]","Effect, Significantly boosts the energy and focus of the drinker, [1]","Known ingredients, Honeywater, [1], Vervain infusion, [1], Scurvy grass, [1], Sneezewort, [1]",,,,"Brewing time, Six hours, [1]",https://harrypotter.fandom.com/wiki/Strong_Invigoration_Draught,https://static.wikia.nocookie.net/harrypotter/images/3/3a/Strong_Invigoration_Draught_WU.png
Stupid Potion,stupid-potion,,,"Effect, Loss of intelligence, (most likely), [1]",,,,,,https://harrypotter.fandom.com/wiki/Stupid_Potion,
Swelling Solution,swelling-solution,"Characteristics, Yellow in colour, [3]","Difficulty level, Beginner, [1], [2], [3]","Effect, Caused enlargement on contact, [1], [2], [3]","Known ingredients, Puffer-fish eyes, [1], [2], Dried, nettles, [2], Bat spleens, [2]",,,,,https://harrypotter.fandom.com/wiki/Swelling_Solution,https://static.wikia.nocookie.net/harrypotter/images/a/ad/Swelling_Solution_PM.png
Ten-Second Pimple Vanisher,ten-second-pimple-vanisher,"Characteristics, Pink in colour, [2]",,"Effect, Treats boils, pimples, blackheads and, acne, [1]",,"Inventor(s), Fred, and, George Weasley, [1]","Manufacturer, Weasleys' Wizard Wheezes, [1]",,,https://harrypotter.fandom.com/wiki/Ten-Second_Pimple_Vanisher,https://static.wikia.nocookie.net/harrypotter/images/2/25/Ten-Second_Pimple_Vanisher.jpg
Golden potion,thick-golden-potion,"Characteristics, Golden, in colour, [1]",,"Effect, Healing, ,, curse, quarantining, [1]",,,,,,https://harrypotter.fandom.com/wiki/Thick_golden_potion,https://static.wikia.nocookie.net/harrypotter/images/a/ad/Thick-golden-potion.webp
Thunderbrew,thunderbrew,"Characteristics, Purple in colour, [1]",,"Effect, Created a storm around the drinker for a short period of time, [1]","Known ingredients, Leech juice, [1], Shrivelfig, [1], Stench of the Dead, [1]",,"Manufacturer, J. Pippin, at, J. Pippin's Potions, (1890s), [1]",,"Brewing time, 1 minute and 30 seconds, [1]",https://harrypotter.fandom.com/wiki/Thunderbrew,https://static.wikia.nocookie.net/harrypotter/images/8/8b/Thunderbrew.png
Tolipan Blemish Blitzer,tolipan-blemish-blitzer,"Characteristics, White in colour, [1], Thick paste consistency, [1]",,"Effect, Treated acne, [1]","Known ingredients, Dragon claw, [1]",,,,,https://harrypotter.fandom.com/wiki/Tolipan_Blemish_Blitzer,https://static.wikia.nocookie.net/harrypotter/images/c/c1/TolipanBlemishBlitzer.png
Tonic for Trace Detection,tonic-for-trace-detection,"Characteristics, Pink in colour, [1]","Difficulty level, Beginner, [1]","Effect, Increased mental perception of Trace, magic, in the world, [1]","Known ingredients, Baneberry, [1], Bulbadox juice, [1], Angel's Trumpet, [1], Erumpent horn, [1]",,,,"Brewing time, Seven hours, [1]",https://harrypotter.fandom.com/wiki/Tonic_for_Trace_Detection,https://static.wikia.nocookie.net/harrypotter/images/b/b4/Tonic_for_Trace_Detection_WU.png
Truth Serum,truth-serum,,,"Effect, Forced the drinker to tell the truth, [1]","Known ingredients, Jobberknoll feathers, [2]",,,,,https://harrypotter.fandom.com/wiki/Truth_Serum,https://static.wikia.nocookie.net/harrypotter/images/d/d9/Veritaserum.jpg
Twilight Moonbeams,twilight-moonbeams,"Characteristics, Red in colour, [1]",,"Effect, Caused the drinker to become infatuated with the giver of the potion, [1]","Known ingredients, Pearl Dust, [2]","Inventor(s), Fred and George Weasley, [1]",,,,https://harrypotter.fandom.com/wiki/Twilight_Moonbeams,https://static.wikia.nocookie.net/harrypotter/images/b/b7/TwilightMoonbeams.jpg
Venomous Tentacula juice,venomous-tentacula-juice,"Physical characteristics, Water, clear, [1], The insides of the one who drank it felt like they were ""burning"", [1], The skin colour of who drank it became purple, [1]",,,,,,,,https://harrypotter.fandom.com/wiki/Venomous_Tentacula_juice,https://static.wikia.nocookie.net/harrypotter/images/c/c2/Venomous_Tentacular_Juice.jpg
Veritaserum,veritaserum,"Characteristics, Clear and odourless like, water, [1], [4]","Difficulty level, Advanced, [4], [3]","Effect, Forced drinker to speak the truth, [1], [2], [3]",,,,,"Brewing time, One, lunar cycle, (about 28 days), [5]",https://harrypotter.fandom.com/wiki/Veritaserum,https://static.wikia.nocookie.net/harrypotter/images/a/a0/Truth_sperum.gif
Vitamix Potion,vitamix-potion,"Characteristics, Blue in colour, [1]","Difficulty level, Beginner, [1]","Effect, Burst of energy, [1]","Known ingredients, Infusion of wormwood, [1], Powdered root of asphodel, [1], Monkshood, [1]",,,"Side-effects, Unfortunate but unknown, [2]",,https://harrypotter.fandom.com/wiki/Vitamix_Potion,https://static.wikia.nocookie.net/harrypotter/images/2/2a/Vitamix_Potion.PNG
Volubilis Potion,volubilis-potion,"Characteristics, Yellow-coloured when finished, [1]","Difficulty level, Beginner, [1]","Effect, Altered the drinker's voice, [1]","Known ingredients, Honeywater, [1], Mint, sprigs, [1], Stewed Mandrake, [1], Syrup of Hellebore, [1]",,,,,https://harrypotter.fandom.com/wiki/Volubilis_Potion,https://static.wikia.nocookie.net/harrypotter/images/e/e5/Volubilis_Potion.jpg
Weakness Potion,weakness-potion,"Characteristics, Yellowish in colour, [1]",,"Effect, Fumes cause weakness, [1]",,,,,,https://harrypotter.fandom.com/wiki/Weakness_Potion,https://static.wikia.nocookie.net/harrypotter/images/1/16/WeaknessPotion.jpg
Weedosoros,weedosoros,"Characteristics, Deep purple in colour, [2], [1]","Difficulty level, Moderate, [1]","Effect, Highly, poisonous, [1]",,,,,,https://harrypotter.fandom.com/wiki/Weedosoros,https://static.wikia.nocookie.net/harrypotter/images/6/6b/Weedosoros.jpg
Wideye Potion,wideye-potion,"Characteristics, Blue/green in colour, [1]","Difficulty level, Beginner, [1], to Moderate, [2]","Effect, Awakened victim, [1], Prevented sleeping, [1]","Known ingredients, 6, snake fangs, [1], 4 measures of, Standard Ingredient, [1], 6 dried, Billywig stings, [1], 2 sprigs of, Wolfsbane, [1]",,,,,https://harrypotter.fandom.com/wiki/Wideye_Potion,https://static.wikia.nocookie.net/harrypotter/images/9/9f/Wideye-or-awakening-potion.png
Wiggenweld Potion,wiggenweld-potion,"Characteristics, Green,, [3], [1], red, [4], [5], pink, [6], or blue, [2], [7], in colour","Difficulty level, Beginner, [1]","Effect, Healed, injuries and replenished stamina, [1], Antidote, to sleeping potions, [1], [2]","Known ingredients, Wiggentree bark, [8], [9], Moly, [8], Dittany, [8], [10], Horklump juice, [4], [5], [11], 2 drops of, Flobberworm Mucus, [4], [3], 7, Chizpurfle fangs, [4], [5], Billywig sting slime, [4], [5], A sprig of, mint, [4], [5], Boom Berry, juice, [4], [5], One, stewed Mandrake, [4], [5], Drops of, Honeywater, [4], [5], Sloth brain, Mucus, [4], [5], [1], Moondew, drops, [4], [5], Salamander blood, [3], [1], 10, Lionfish spines, [3], [1], Unicorn horn, [12], Wolfsbane, [12]",,,,,https://harrypotter.fandom.com/wiki/Wiggenweld_Potion,https://static.wikia.nocookie.net/harrypotter/images/6/64/Wiggenweld_Potion_HM.png
Wit-Sharpening Potion,wit-sharpening-potion,"Characteristics, Green,, [2], white, [3], or purple, [1], [4], [5], in colour","Difficulty level, Moderate, [6], to, Ordinary Wizarding Level, [3]","Effect, Improved intellect, [1]","Known ingredients, Ground, scarab beetles, [6], Cut, ginger, roots, [6], Armadillo bile, [6], Newt spleens, [2]",,,,,https://harrypotter.fandom.com/wiki/Wit-Sharpening_Potion,https://static.wikia.nocookie.net/harrypotter/images/2/21/Wit-Sharpening_Potion_HM_Icon.png
Wolfsbane Potion,wolfsbane-potion,"Characteristics, Blue smoke, [3], [4], Unpleasant taste, [5], Rendered useless with, sugar, [5]","Difficulty level, Advanced, [5], [6]","Effect, Allowed, werewolves, to keep their minds post-transformation, [1]","Known ingredients, 17, wolfsbane, leaves, [4], [7], Juice of 2, Mandrake leaves, [7], 3 drops of, dragon blood, [7], 1 powdered, moonstone, [7], 2 drops of, Syrup of Hellebore, [7], 3, Murtlap tentacles, [7], Juice of 7, Sopophorous Beans, [7], 1, Occamy egg, [7]","Inventor(s), Damocles Belby, [8]",,"Side-effects, Harmful side effects to health if potion tampered with, [2]",,https://harrypotter.fandom.com/wiki/Wolfsbane_Potion,https://static.wikia.nocookie.net/harrypotter/images/0/01/PA_C8.jpg
Wound-Cleaning Potion,wound-cleaning-potion,"Characteristics, Purple liquid, [1], Smoked on contact, [1], Stung on contact, [1], [2]","Difficulty level, Advanced, [2]","Effect, Antiseptic, cleaned wounds, [1], [2]",,,,,,https://harrypotter.fandom.com/wiki/Wound-Cleaning_Potion,https://static.wikia.nocookie.net/harrypotter/images/a/a0/WoundCleaningPotionHM.png
